Community Area Name,Community Area,Birth Rate,General Fertility Rate,Low Birth Weight,Prenatal Care Beginning in First Trimester,Preterm Births,Teen Birth Rate,Homicide_rate_per_100k,Breast cancer in females,Cancer (All Sites),Colorectal Cancer,Diabetes-related,Firearm-related,Infant Mortality Rate,Lung Cancer,Prostate Cancer in Males,Stroke (Cerebrovascular Disease),Childhood Blood Lead Level Screening,Childhood Lead Poisoning,Gonorrhea in Females,Tuberculosis,Below Poverty Level,Crowded Housing,Dependency,No High School Diploma,Per Capita Income,Unemployment,ASSAULT,DECEPTIVE PRACTICE,OFFENSE INVOLVING CHILDREN,CRIM SEXUAL ASSAULT,CRIMINAL DAMAGE,CRIMINAL TRESPASS,WEAPONS VIOLATION,MOTOR VEHICLE THEFT,NARCOTICS,THEFT,BATTERY,OTHER OFFENSE,ROBBERY,PUBLIC PEACE VIOLATION,SEX OFFENSE,PROSTITUTION,BURGLARY,STALKING,CRIMINAL SEXUAL ASSAULT,ARSON,Homicide,GAMBLING,KIDNAPPING,INTERFERENCE WITH PUBLIC OFFICER,INTIMIDATION,LIQUOR LAW VIOLATION,OBSCENITY,PUBLIC INDECENCY,OTHER NARCOTIC VIOLATION,NON-CRIMINAL,HUMAN TRAFFICKING,RITUALISM,Violence,Sexual Crimes,Property Crimes,Drugs
Albany Park,14,18.299999999992167,76.5,8.5,73.30000000003136,8.29999999999675,44.5,4.699999999998016,22.900000000011115,158.10000000006494,16.799999999992504,72.1000000000313,5.3000000000015,4.899999999997733,36.90000000001573,13.099999999997983,39.099999999983844,374.0999999998181,1.2000000000005009,72.89999999996802,16.799999999992504,17.09999999999301,11.200000000005423,32.0999999999854,34.9000000000153,20355,9.0,1361,811,220,103,3883,726,186,1468,1809,4851,4649,1844,883,359,161,279,1815,12,3,49,21,32,12,55,24,153,1,0,4,0,0,0,6116,546,9053,1813
Archer Heights,57,18.10000000000354,80.0,8.699999999998276,74.30000000001101,10.0,50.29999999999405,16.600000000003334,25.20000000000509,166.30000000003068,9.0,67.69999999999244,15.399999999996862,5.199999999999074,49.59999999999004,20.5,41.79999999999231,543.5,0.5,,1.5,13.0,8.5,40.5,36.40000000000514,16145,14.200000000000014,460,374,70,39,2083,147,77,732,533,2528,1340,589,411,96,57,380,858,5,0,29,9,4,14,5,4,28,1,0,0,0,0,0,1856,476,4547,533
Armour Square,34,11.5,57.099999999989336,12.399999999997812,79.09999999998583,11.800000000001956,16.20000000000052,1.7999999999996634,10.699999999998143,162.89999999997764,23.10000000000387,42.5,1.7999999999996634,1.5,54.299999999993474,17.200000000001168,38.70000000000699,490.29999999990787,0.2000000000000317,222.6000000000413,22.700000000003705,35.799999999993396,5.900000000000978,37.90000000000427,37.5,16942,11.60000000000194,447,623,33,12,1325,479,49,540,718,2545,1414,464,557,44,34,28,501,8,0,8,5,61,4,21,8,34,1,1,0,0,0,0,1886,74,4155,718
Ashburn,70,14.70000000000716,69.0,9.0,82.39999999995804,11.29999999999419,38.30000000001904,12.400000000002029,37.19999999998177,229.2999999998873,22.800000000000328,80.1000000000405,11.599999999999438,10.200000000005181,62.800000000029776,44.5,47.39999999999583,368.3000000000123,0.1999999999998985,529.0,4.399999999997923,9.5,4.19999999999807,36.699999999982154,18.29999999999196,22078,8.799999999995846,1732,1009,223,102,4676,505,238,1434,1370,4948,4325,2079,1270,264,113,31,2695,13,0,43,20,28,31,37,14,41,4,0,0,0,0,0,6165,246,10392,1370
Auburn Gresham,71,15.100000000002446,70.5,11.599999999984096,71.79999999989003,13.900000000005383,83.09999999989112,37.60000000005671,41.89999999993955,243.0,24.5,83.59999999988955,32.60000000005113,15.600000000005354,65.09999999996403,43.5,63.70000000010027,393.8000000005225,1.5,2032.199999999119,7.29999999999967,24.5,4.099999999997591,42.100000000060604,19.5,16022,24.19999999996758,5626,2056,764,317,9411,2368,1048,4109,10831,11911,17193,5500,4028,517,214,601,6385,40,7,109,117,319,78,185,55,110,1,1,0,0,0,0,23178,1139,26566,10831
Austin,25,18.0,80.09999999975076,15.399999999946946,72.90000000023707,14.299999999986376,81.80000000026216,34.40000000008546,33.700000000113,261.89999999911316,29.79999999989658,113.89999999989708,28.5,13.299999999999356,74.59999999975985,69.80000000017915,56.800000000049636,492.2999999983035,2.0,1741.1000000006104,5.800000000019963,27.0,5.699999999980505,39.0,25.0,15920,21.0,10491,3841,1032,710,16303,3508,2054,6685,47193,23215,35640,10884,7907,1075,427,3699,8258,41,5,267,238,1591,134,555,63,324,6,0,1,0,0,1,46833,4841,46262,47194
Avalon Park,45,13.299999999997297,69.59999999998381,19.700000000005605,74.5,14.600000000003785,63.90000000001584,22.099999999998236,33.799999999991876,239.60000000006136,27.700000000007346,83.89999999999755,18.5,11.399999999996787,57.90000000001506,45.09999999998726,44.5,434.79999999988377,0.6000000000001703,1139.9000000002186,1.9000000000004775,16.700000000004522,0.6000000000001703,41.900000000011936,13.299999999997297,23495,16.60000000000403,1099,540,115,68,1738,260,176,943,884,3054,2937,935,884,133,41,12,1156,9,0,24,22,15,18,15,11,9,1,1,0,0,0,0,4111,121,6066,884
Avondale,21,18.5,77.6999999999701,7.299999999997347,74.3999999999633,7.5,63.3999999999731,4.699999999997963,16.599999999992527,133.89999999993825,13.400000000003699,52.69999999997336,4.600000000002256,5.700000000000132,32.5,37.69999999998128,36.0,373.30000000002514,0.7000000000003614,85.30000000001064,10.100000000002701,14.599999999994694,5.799999999999671,30.40000000001465,25.69999999999428,20489,9.299999999995412,1567,983,185,105,3773,591,170,2130,1604,5897,4387,1789,1067,213,122,236,2268,16,3,57,22,9,22,33,10,100,2,0,0,0,0,0,6065,466,11394,1604
Belmont Cragin,19,20.0,88.60000000000372,6.900000000004411,74.10000000006501,7.599999999993851,68.20000000006407,7.0,14.40000000001424,152.59999999984592,17.69999999998286,58.600000000057584,5.5,5.59999999999997,37.80000000003278,27.300000000027485,38.1999999999681,421.5,0.800000000000367,95.90000000002492,9.400000000009431,18.599999999983716,10.0,36.89999999996333,37.0,15246,11.5,3217,1691,500,201,7845,1118,506,4078,3903,10544,9130,4070,1939,582,256,497,4408,12,4,171,35,22,63,120,40,188,1,1,1,0,0,0,12656,958,21072,3904
Beverly,72,11.0,60.69999999999887,4.900000000000905,84.80000000001405,9.899999999998531,11.899999999997801,3.5,42.0,197.6000000000373,24.799999999995308,59.599999999988285,3.5,10.0,47.90000000000889,44.70000000000778,57.200000000001644,179.10000000003154,1.2999999999997902,195.5,0.0,5.199999999999161,0.6999999999998783,38.700000000007186,5.099999999999073,40107,7.800000000001528,475,691,98,19,1626,303,44,480,297,2721,1159,908,352,59,40,1,1045,7,0,11,2,3,26,6,5,36,0,0,0,0,0,0,1678,60,4629,297
Bridgeport,60,11.700000000003433,51.69999999998315,8.0,80.30000000002742,11.399999999996286,28.400000000009758,4.899999999999078,16.5,168.89999999994325,16.100000000000573,49.800000000015714,4.5,8.0,54.40000000001622,15.799999999994437,40.099999999986295,384.9000000001171,0.7000000000001917,110.8000000000327,9.899999999996604,17.29999999999391,4.80000000000166,32.299999999999,25.59999999999172,24969,11.200000000003067,1210,536,118,59,3616,458,97,934,1013,3785,3011,1343,375,178,66,94,1601,5,0,57,14,8,16,31,18,46,5,0,0,0,0,0,4326,219,6729,1013
Brighton Park,58,20.599999999988892,90.60000000004884,7.200000000002931,82.69999999999214,8.299999999995913,58.10000000002405,11.099999999999318,26.800000000009128,139.10000000006428,12.799999999993258,69.69999999996783,10.600000000000382,5.899999999996837,27.699999999989657,15.09999999999333,38.30000000002037,580.4000000002618,0.9000000000003664,97.2000000000211,11.5,23.0,13.20000000000689,39.80000000002135,48.19999999997426,13138,11.20000000000604,1513,746,294,123,4326,477,317,1988,2332,4487,4926,1789,939,480,191,1170,2184,13,1,69,48,4,39,39,24,102,1,2,1,0,0,0,6619,1485,9661,2333
Burnside,47,12.90000000000096,64.0,7.900000000000646,68.39999999999937,13.199999999999026,68.70000000000569,70.29999999999418,7.599999999999385,191.19999999998768,32.80000000000083,86.09999999999572,70.29999999999418,13.0,69.5,44.0,99.09999999999323,375.0,3.6000000000002528,3108.800000000206,6.799999999999508,22.5,5.5,40.39999999999671,18.600000000000325,13756,23.39999999999855,343,75,53,20,599,96,46,219,513,539,907,273,157,38,12,1,430,4,1,15,12,21,2,3,2,8,0,0,0,0,0,0,1281,34,1349,513
Calumet Heights,48,10.0,57.400000000015346,9.300000000000594,75.0,16.399999999995917,39.30000000000024,19.5,33.5,216.6000000000595,36.0,81.39999999999634,24.5,13.899999999996227,48.0,40.400000000012014,39.19999999999988,383.2000000001102,0.3000000000000893,1188.0,2.80000000000037,12.0,1.7999999999995193,42.30000000000352,11.20000000000148,28977,17.200000000005026,948,608,137,61,2154,328,173,1111,1145,3084,2529,1131,843,57,37,2,1304,16,1,14,15,23,12,10,4,28,0,0,0,0,0,0,3522,101,6358,1145
Chatham,44,14.400000000015083,71.2999999999197,15.400000000015618,72.5,15.599999999984284,68.20000000007548,45.2000000000191,41.89999999995195,213.5,24.100000000014752,73.20000000008305,37.899999999956705,10.900000000012453,51.5,47.8999999999463,50.299999999963944,418.300000000456,0.5,1896.29999999804,8.200000000008043,25.3000000000279,2.1999999999982256,40.0,13.699999999987902,20320,19.0,3839,2261,391,248,6280,1613,547,3687,6416,11874,11076,3762,3491,270,158,211,4142,55,1,69,92,114,46,87,23,62,4,3,0,0,0,1,15145,618,23263,6416
Chicago Lawn,66,20.100000000018717,85.29999999988388,9.400000000013337,78.40000000006727,10.800000000011941,67.40000000001744,22.399999999973645,25.0,179.30000000021113,26.100000000035823,73.0,19.39999999998397,11.099999999985139,42.899999999941734,22.10000000002545,61.70000000008929,524.6000000007601,1.1999999999983069,1189.5,5.299999999992768,22.199999999970277,6.5,40.0,31.600000000045796,14405,11.900000000015428,4963,1744,633,300,9615,1678,939,4196,10269,10882,14612,4484,3984,831,269,363,6091,21,2,153,112,269,61,148,31,155,3,0,0,0,0,0,19932,934,25245,10269
Clearing,64,14.600000000003236,68.3000000000112,7.399999999999281,85.80000000001841,8.0,38.70000000000774,9.399999999998196,23.600000000002307,189.3999999999579,22.5,72.0,12.699999999999752,6.699999999998498,58.59999999998703,18.70000000000357,53.5,302.0,0.30000000000005905,,0.8999999999998001,5.900000000000577,3.400000000000761,36.40000000000669,18.5,23920,9.60000000000189,746,463,121,24,2575,209,60,506,596,2217,1910,1105,154,119,39,4,937,8,0,25,8,9,12,9,8,23,2,0,0,0,0,0,2709,67,3834,596
Douglas,35,10.299999999993885,42.19999999997501,11.700000000006776,76.0,10.20000000000606,34.199999999980065,13.599999999993459,34.300000000020006,269.9000000001565,33.19999999998087,119.10000000006254,9.100000000001739,13.40000000000629,74.5,85.5,62.10000000003447,482.19999999973845,0.0,1063.3000000005256,4.199999999998088,26.09999999998544,1.5999999999991006,31.0,16.900000000009808,23098,16.70000000000797,1783,829,144,97,2189,3063,180,1117,7218,5445,5618,1555,1055,125,75,47,758,12,1,15,22,90,17,43,24,14,0,0,0,0,0,0,7479,220,8416,7218
Dunning,17,12.5,64.69999999997812,6.800000000001993,82.69999999997275,9.8999999999967,19.90000000000322,3.699999999998776,23.70000000000743,191.5,25.900000000007868,42.5,5.1999999999982895,4.899999999999271,53.90000000001587,24.40000000000692,32.0,233.89999999993555,0.09999999999996996,,2.4000000000008055,8.300000000000383,4.800000000001611,34.900000000011836,18.0,26347,8.60000000000292,945,829,107,33,3456,351,68,947,703,4150,2544,1749,307,92,74,1,1455,9,0,28,5,23,26,14,10,59,0,0,1,0,0,0,3558,108,6895,704
East Garfield Park,27,19.400000000016405,80.79999999991941,17.5,73.20000000006962,16.300000000013828,93.20000000009465,38.39999999996245,21.699999999978026,236.80000000016818,24.80000000002505,97.2999999999015,37.1000000000356,11.0,56.29999999996539,78.10000000006477,47.5,503.6999999995262,0.9000000000008761,2325.0999999978,13.599999999986528,39.699999999971205,7.5,43.19999999998862,26.199999999973805,13596,16.400000000015147,3448,1331,258,161,4557,994,613,2332,12393,6878,11277,2410,2147,261,110,2070,1855,28,2,74,74,278,35,124,39,71,2,2,0,0,0,0,14947,2343,13286,12393
East Side,52,17.70000000000469,85.80000000002362,6.399999999998986,73.30000000001971,11.0,53.0,10.700000000000141,15.299999999996402,182.89999999994993,12.899999999996565,73.90000000001345,10.100000000002774,3.6999999999991684,45.900000000012554,26.200000000006945,33.29999999999205,398.5,0.8999999999997698,191.2000000000215,5.199999999998569,18.700000000005062,8.300000000001983,42.5,35.5,15347,14.5,1131,361,193,44,3014,239,195,628,1217,2010,2602,1033,247,173,68,2,1291,7,1,27,13,5,19,11,17,37,0,0,2,0,0,0,3809,115,4212,1219
Edgewater,77,12.099999999997335,48.10000000001014,7.5,76.10000000004068,7.399999999996287,15.09999999999324,5.7999999999991125,18.5,162.0,16.20000000000779,48.80000000002612,3.8999999999981774,6.89999999999644,40.09999999999358,23.69999999999554,31.5,308.59999999983444,0.9000000000003723,120.1000000000599,10.5,16.599999999991745,3.8999999999981774,23.40000000001262,9.0,33364,9.0,1551,1433,147,82,3442,935,118,1022,1820,7949,4651,2165,1029,238,125,55,1764,12,3,32,23,14,12,29,17,110,2,1,0,0,0,0,6286,265,11793,1820
Edison Park,9,11.299999999999491,59.5,7.900000000000209,86.600000000004,12.599999999999326,3.899999999999794,0.0,13.80000000000006,189.70000000000653,15.099999999999199,53.0,7.099999999999931,4.60000000000023,45.199999999997964,28.0,38.89999999999823,134.70000000000695,0.0,,1.8000000000000964,5.100000000000243,0.5999999999999731,36.60000000000152,8.5,38337,7.400000000000125,136,162,18,6,655,56,4,74,38,632,463,350,16,16,23,4,158,4,0,6,0,1,12,0,6,8,2,0,0,0,0,0,623,33,898,38
Englewood,68,20.0,85.79999999988105,14.5,69.70000000010339,13.099999999983607,105.29999999986859,45.100000000061115,32.89999999995076,252.19999999962135,30.199999999995004,101.79999999987047,44.89999999993903,13.400000000014627,76.79999999988894,57.70000000008616,71.59999999995016,401.0,2.7999999999964165,2594.9000000036813,11.30000000001462,42.20000000004939,4.799999999993059,43.39999999994014,29.399999999955984,11993,21.300000000029616,5880,1210,507,368,9108,1879,1141,3408,10136,10262,19441,3909,3750,481,249,1223,5697,22,4,162,130,314,62,118,33,65,4,1,0,0,0,0,25708,1844,23212,10136
Forest Glen,12,10.0,60.59999999999925,7.5999999999992465,79.29999999999266,10.30000000000084,6.299999999999523,3.2999999999996765,25.0,138.69999999999283,14.300000000001418,37.20000000000246,6.200000000000513,3.7999999999996232,27.0,20.30000000000186,31.0,160.8000000000126,0.0,,2.2000000000001214,6.09999999999942,1.3000000000001177,40.60000000000372,6.299999999999523,41509,5.5,219,262,44,12,1185,89,5,177,197,1372,525,465,54,20,25,5,554,0,0,4,3,8,19,2,1,11,0,0,0,0,0,0,771,42,2177,197
Fuller Park,37,11.899999999998235,60.4000000000105,17.100000000003,71.40000000001247,14.300000000001853,69.19999999999806,49.59999999999228,8.5,258.89999999995456,21.100000000003533,111.69999999998109,22.600000000003686,22.600000000003686,89.59999999998534,70.5,82.4000000000139,489.8999999999691,2.5,1061.9000000001865,0.0,55.5,4.5,38.20000000000658,33.700000000005915,9016,40.0,614,340,78,34,849,476,133,461,1477,1639,1796,341,472,74,23,24,366,3,1,8,9,29,7,31,13,3,0,0,0,0,0,0,2447,82,2958,1477
Gage Park,63,21.799999999999443,93.20000000000991,6.799999999997801,80.39999999995798,6.799999999997801,61.39999999997379,10.799999999994304,23.40000000001231,171.0,13.599999999995601,65.0,11.099999999999856,5.399999999997152,34.09999999998425,41.09999999999315,51.19999999997349,590.3000000002995,0.7999999999995858,171.6000000000106,7.0,20.799999999997176,17.40000000000852,40.40000000000858,54.100000000017175,12014,14.0,1536,578,255,131,4324,457,395,1962,3163,4490,4617,1688,1019,557,131,121,2144,12,1,111,51,22,31,48,20,95,0,0,0,0,0,0,6366,384,9666,3163
Garfield Ridge,56,13.400000000001318,69.0,8.0,81.69999999996784,9.5,33.69999999998837,9.899999999996037,31.0,231.9000000000476,24.599999999988686,80.3000000000319,9.200000000003644,4.5,59.19999999997332,30.90000000001376,42.19999999998133,354.9000000001602,0.09999999999995396,180.0,3.5,9.0,2.599999999998987,39.5,19.40000000000811,24684,8.100000000003549,1288,1177,148,61,4115,642,280,1066,1648,4705,3397,1544,550,180,87,1842,1473,15,2,36,14,22,17,33,12,40,2,0,0,0,0,0,4764,1992,7823,1648
Grand Boulevard,38,14.299999999993567,58.199999999977905,12.700000000007911,74.20000000002284,13.700000000008185,54.80000000003274,32.09999999999869,22.599999999985105,218.2999999998693,27.699999999980797,82.60000000005643,25.80000000001719,12.099999999992376,63.8000000000038,39.0,46.69999999996966,590.3999999998243,1.0,1454.6000000009565,13.200000000008052,28.300000000019786,2.699999999998186,41.69999999997161,19.400000000013513,22056,20.599999999985915,2756,810,203,170,4076,1320,355,1882,4002,6215,7859,2400,1655,145,106,1158,2407,14,2,29,56,125,28,64,21,36,3,0,0,0,0,0,10749,1436,12208,4002
Greater Grand Crossing,69,18.199999999975365,82.40000000006252,12.900000000015547,72.29999999990207,15.0999999999874,84.2999999998895,49.70000000005777,29.100000000038268,274.39999999999935,31.5,92.29999999988293,44.600000000057335,14.199999999981541,77.5,70.29999999990457,58.200000000076535,453.69999999948016,1.8999999999974617,2500.3000000014595,4.799999999993555,25.600000000030764,4.200000000005702,42.89999999994408,17.89999999999606,17213,18.89999999999134,5000,1722,523,330,7883,2887,865,4164,8557,9376,15761,4526,3822,519,205,284,4724,31,1,92,150,186,69,141,49,90,4,0,0,0,0,1,21121,820,22204,8557
Hegewisch,55,13.699999999998425,73.20000000000765,7.699999999999466,66.90000000000578,13.100000000000234,47.10000000000158,6.900000000000792,20.0,210.0,16.699999999998187,80.0,13.399999999999642,8.40000000000091,57.900000000003054,28.600000000003263,47.10000000000158,298.8000000000309,1.100000000000104,,2.1000000000002275,12.09999999999977,4.400000000000416,41.60000000000406,17.89999999999827,22561,9.599999999999023,431,191,61,21,1054,114,44,286,458,1198,996,514,100,41,16,1,525,10,0,21,6,7,9,5,8,14,0,0,0,0,0,0,1471,38,2126,458
Hermosa,20,20.299999999993425,86.69999999997242,6.69999999999805,77.5,8.800000000000047,69.69999999997705,12.700000000003541,18.400000000000922,135.19999999999152,15.600000000003092,63.59999999998962,11.799999999997075,9.299999999999418,27.700000000007925,25.599999999992786,27.599999999991624,394.70000000011953,0.7000000000001536,154.5,15.799999999994869,19.099999999998257,8.399999999997242,36.300000000001226,41.90000000001346,15411,12.899999999996174,1036,420,176,66,2286,293,227,1236,1641,2295,3505,1347,601,238,70,405,1349,6,1,74,21,5,35,46,7,66,0,0,0,0,0,0,4678,542,5523,1641
Humboldt Park,23,19.199999999969943,80.70000000012341,12.300000000020795,70.9000000000864,11.699999999980527,77.9000000001121,29.0,26.300000000006573,211.09999999995253,26.600000000045462,94.09999999984306,22.6999999999674,9.80000000001422,48.0,52.5,53.5,447.7000000000802,1.3000000000019578,1234.7000000019286,9.699999999986112,32.60000000005424,11.199999999981737,38.29999999994615,36.79999999995155,13391,12.300000000020795,5486,1555,590,292,8658,1415,1071,4366,21439,11217,18222,4643,3297,511,244,2034,4144,46,4,210,155,535,53,222,34,164,3,0,3,0,0,0,24160,2574,23111,21442
Hyde Park,41,9.700000000000951,33.90000000001105,5.899999999998573,80.30000000002589,5.5,7.60000000000241,5.800000000001793,33.59999999998906,144.0,11.70000000000278,34.0,5.0,10.399999999996671,34.900000000011396,24.099999999993926,26.0,369.0,0.0,216.6000000000625,5.300000000001687,18.200000000005943,2.5,26.70000000000776,5.300000000001687,39243,6.899999999997935,862,986,99,61,1780,498,77,1002,612,5381,2158,1105,993,46,79,2,1460,8,0,17,9,20,19,16,6,15,2,0,0,0,0,0,3071,142,8861,612
Irving Park,16,15.79999999999207,67.1000000000418,7.7000000000046525,79.89999999994997,10.200000000006364,37.0,4.100000000002539,29.90000000001608,169.40000000004724,19.19999999999828,60.19999999996774,5.7000000000022,5.299999999998513,41.30000000002572,17.900000000011257,42.0,333.5,0.5999999999999462,159.59999999997277,9.299999999994144,10.799999999993343,5.600000000003418,31.59999999998414,22.0,26713,10.299999999993583,1709,980,235,115,5500,746,156,2539,1880,7064,5633,2225,928,328,164,51,2766,21,2,78,13,13,40,39,16,114,2,0,0,0,0,0,7489,332,13353,1880
Jefferson Park,11,13.80000000000016,67.80000000000813,6.599999999999651,82.90000000001542,7.699999999998413,28.599999999999497,4.800000000000789,18.399999999996393,208.19999999998598,23.20000000000462,49.200000000006405,4.1999999999995135,8.300000000001683,55.700000000000216,32.09999999999702,41.900000000007736,236.79999999998984,0.20000000000001691,,7.100000000000085,6.400000000000541,1.9000000000001156,34.40000000000434,13.5,27280,9.0,602,663,109,17,2017,273,23,513,399,2496,1638,1165,164,70,48,4,711,8,0,19,5,4,14,15,11,31,2,0,0,0,0,0,2289,69,3909,399
Kenwood,39,12.200000000002857,51.0999999999851,11.39999999999653,77.60000000000475,11.899999999996432,25.70000000000747,15.200000000004591,30.900000000009413,196.39999999994177,34.20000000000357,45.5,17.39999999999865,8.89999999999719,49.09999999998544,46.199999999990546,31.5,397.9000000000967,0.39999999999989777,610.1999999999742,0.0,23.099999999995273,2.2999999999999985,34.20000000000357,10.799999999998281,37519,11.0,1236,517,144,61,1941,431,135,779,1098,3939,3200,1322,611,75,52,4,1075,9,0,15,11,50,14,13,12,6,2,0,0,0,0,0,4488,117,6430,1098
Lake View,6,13.5,38.6999999999686,6.299999999993583,79.10000000005346,8.099999999992967,15.800000000013245,1.4000000000000554,20.09999999998836,126.900000000107,13.0,38.5,1.8000000000017677,2.1999999999980244,32.5,17.0,24.399999999993177,179.2000000000071,0.4000000000001698,81.79999999991672,3.200000000001358,10.5,1.1999999999988034,16.5,2.8999999999970165,58227,4.700000000004641,1716,3853,105,198,6250,1489,98,1930,2005,20180,6548,2556,1910,398,224,307,4394,29,3,30,14,11,14,49,22,206,2,3,10,0,0,0,8344,732,28450,2015
Lincoln Park,7,13.20000000000264,38.69999999997022,6.60000000000132,75.70000000004897,7.799999999993563,2.1000000000009877,0.700000000000501,23.69999999998084,152.90000000010065,16.69999999999233,50.10000000004127,2.3000000000018073,2.399999999998408,40.0,27.300000000022774,35.30000000002816,173.2999999998737,0.599999999999602,50.30000000002035,1.199999999999204,11.7999999999918,0.599999999999602,20.40000000001532,4.299999999997799,71403,4.5,1113,2624,90,114,5752,1311,58,1769,869,19510,4089,1525,1224,182,164,148,3375,16,0,23,6,10,19,32,10,183,0,4,0,0,0,0,5260,426,25907,869
Lincoln Square,4,17.09999999999792,61.0,8.100000000003023,80.5,9.700000000002296,38.40000000001384,5.0,21.700000000007464,153.2000000000348,8.600000000003186,55.40000000001158,6.1000000000021055,3.8000000000014196,43.09999999998513,27.599999999989855,36.900000000013456,273.29999999989866,0.39999999999985747,98.80000000003189,8.5,9.5,3.0999999999990018,25.599999999990878,12.5,35503,6.800000000001688,917,909,86,61,3059,483,62,1020,992,5353,2782,1591,431,214,103,142,1406,12,0,18,6,28,14,12,16,86,1,1,0,0,0,0,3753,306,8240,992
Logan Square,22,18.19999999997915,63.5,7.200000000007578,78.2000000000905,9.400000000010834,66.10000000006481,8.599999999990322,9.200000000004307,148.7000000000607,13.699999999987597,75.70000000008733,10.199999999999319,4.299999999995161,37.699999999987625,17.5,31.899999999965555,364.3999999998251,0.9000000000009473,209.0,8.400000000009353,17.199999999980644,3.2000000000025,26.699999999970967,18.5,29026,7.5,3203,1870,433,214,7978,1157,377,4020,3807,16300,9274,3548,2199,395,251,583,5128,29,2,135,40,10,62,75,40,226,6,2,3,0,0,1,12754,1050,27749,3810
Loop,32,9.400000000010259,27.699999999971116,5.299999999994133,78.20000000008606,6.90000000000554,1.300000000001439,0.6999999999998224,20.199999999977678,120.09999999988844,10.800000000001221,26.800000000028295,4.0,5.700000000006272,29.199999999970206,17.199999999981905,39.0,297.3000000003234,0.2999999999996709,129.90000000013126,6.5,11.099999999987746,2.0,15.5,3.39999999999643,67699,4.200000000004354,2292,5946,52,89,3035,3169,102,935,1897,29990,4632,2723,1662,484,221,318,774,42,1,9,6,11,16,56,53,126,2,4,4,0,0,0,7008,629,33430,1901
Lower West Side,31,16.5,68.19999999996872,4.5,80.80000000002022,8.799999999995764,49.0,11.70000000000607,27.19999999999177,141.2999999999318,11.900000000001377,61.89999999997424,11.70000000000607,5.399999999997197,27.800000000009057,14.299999999992917,39.19999999998004,589.0,0.7999999999995906,92.29999999999448,11.400000000000416,27.19999999999177,10.399999999998217,35.199999999983056,44.300000000023026,15467,13.0,1905,756,213,76,4079,658,331,1565,2070,5862,4836,1644,710,596,150,334,1375,13,4,55,34,5,22,43,23,179,5,0,1,1,0,0,6875,564,9557,2071
McKinley Park,59,16.70000000000281,73.9000000000153,7.300000000001647,80.5,9.899999999997904,47.90000000001096,5.099999999998997,32.70000000000713,148.39999999997048,14.200000000001252,61.40000000001367,6.5,7.300000000001647,38.29999999999221,0.0,51.699999999999086,529.5999999999127,0.7999999999999926,141.39999999997363,11.5,16.10000000000353,6.899999999999523,33.700000000007265,31.799999999993,17577,11.899999999997279,668,391,102,32,2134,187,92,713,948,3012,1794,688,271,71,59,14,854,6,0,33,10,5,10,13,9,51,2,0,0,0,0,0,2524,105,4869,948
Montclaire,18,17.10000000000204,83.5,8.300000000000962,77.59999999999005,8.800000000001074,61.5,8.599999999999016,29.899999999996343,151.0,15.399999999998379,89.59999999998827,6.5,4.599999999999423,33.39999999999612,21.89999999999713,40.299999999994775,315.5,0.8999999999999169,,3.0,12.800000000001646,5.800000000000123,35.0,28.399999999996457,21257,10.800000000001413,385,248,57,19,1151,76,19,567,228,1627,1068,644,146,34,20,8,589,0,0,16,5,5,3,5,5,14,1,0,0,0,0,0,1482,47,2937,228
Morgan Park,75,13.200000000005918,67.5,10.600000000004039,74.5,12.299999999994501,46.69999999997932,19.9000000000081,32.400000000013954,218.20000000009762,27.099999999987865,75.39999999997097,15.799999999993139,13.099999999999781,50.0,39.8000000000162,47.900000000007786,298.7999999998785,1.2999999999994993,800.5,2.5999999999989987,13.700000000006128,0.7999999999996411,39.40000000001561,10.899999999995911,26185,14.900000000003006,1601,876,244,83,3131,652,241,1049,2071,4549,4236,1886,768,181,59,7,1885,18,2,30,28,49,39,36,15,27,3,0,0,0,0,0,5949,151,8305,2071
Mount Greenwood,74,12.5,59.0,8.400000000000936,94.5,15.10000000000121,7.699999999999351,2.200000000000233,34.60000000000381,201.10000000000446,24.799999999999592,66.5,7.400000000000867,3.299999999999602,55.0,16.8999999999983,26.700000000001207,133.59999999998507,0.0,,0.0,3.099999999999949,1.1000000000001164,37.0,4.5,34221,6.900000000000824,444,358,104,15,1149,153,30,136,266,1559,986,686,75,39,47,0,310,8,0,4,1,3,28,4,7,29,2,0,1,0,0,0,1470,62,2115,267
Near North Side,8,10.699999999982813,35.8999999999419,8.599999999985855,69.7000000001141,9.599999999984902,34.0,3.7000000000063316,24.0,142.69999999981889,15.100000000009858,27.0,3.2000000000055016,6.5,33.60000000005571,15.100000000009858,22.0,311.1999999995136,0.10000000000017192,244.39999999982697,5.5,13.400000000000704,2.0,23.3000000000296,3.4000000000001687,87163,5.200000000007863,3189,7520,173,201,6321,6713,296,1975,5592,35852,12042,3363,2312,488,257,2151,2208,42,1,17,32,68,20,195,44,284,3,5,3,0,1,2,15344,2611,42411,5595
Near South Side,33,21.400000000008497,72.89999999997633,8.799999999997349,78.1000000000283,10.899999999995995,50.900000000006344,4.80000000000188,31.90000000001336,169.0,19.20000000000752,61.5,6.600000000002823,4.80000000000188,46.19999999998083,51.400000000005384,52.4000000000035,301.299999999881,0.19999999999991466,300.59999999989697,5.0,11.100000000004039,1.4000000000005721,21.0,7.1000000000030346,60593,5.699999999997957,945,937,94,37,1599,4563,79,653,2265,6236,2816,1157,471,84,43,21,542,7,2,10,11,30,7,50,6,23,1,0,0,0,0,0,3795,103,7915,2265
Near West Side,28,18.19999999997356,55.600000000049086,9.0,77.59999999992955,10.5,36.70000000002658,12.699999999982275,33.39999999995074,202.0,19.199999999972512,62.29999999990781,9.30000000000718,9.09999999998678,66.20000000009773,33.600000000049526,43.5,396.69999999949135,0.5,629.2000000005959,14.099999999989226,21.600000000025304,3.799999999994383,22.899999999970845,11.199999999986137,41488,10.699999999987664,4284,3195,275,217,7894,3891,354,3963,5866,25040,11513,3997,2614,660,197,1186,2706,29,0,39,65,130,29,101,50,111,8,3,1,0,0,0,15980,1600,34402,5867
New City,61,21.399999999993323,93.4000000000556,11.800000000007367,75.89999999998251,12.199999999991347,94.29999999989222,26.600000000023577,23.600000000014735,235.1999999997584,29.199999999969275,83.70000000009783,24.60000000001792,7.900000000008646,69.39999999994598,40.70000000000443,50.20000000003884,555.0,0.8000000000006517,1052.6000000010401,9.29999999999683,30.60000000003267,12.199999999991347,42.0,42.3999999999505,12524,17.4000000000132,4146,1182,505,258,6920,1395,1022,2940,9250,9433,13029,3132,1954,794,267,1411,3535,13,3,144,101,271,44,166,30,148,3,1,0,0,0,0,17494,1939,17936,9250
North Center,5,22.400000000004948,76.19999999997499,9.100000000002998,80.39999999998861,9.799999999998837,8.399999999997236,1.0,16.600000000001458,152.10000000004993,26.099999999992452,49.800000000013576,1.0,2.6999999999994664,42.40000000001359,15.10000000000392,41.59999999998659,178.1000000000562,0.8999999999997477,85.39999999998382,1.9000000000006108,7.100000000002205,0.19999999999994342,25.5,5.399999999998933,51615,4.5,654,987,68,61,2546,908,58,796,739,5363,1742,1151,335,112,60,26,1709,11,0,19,5,11,16,25,20,52,8,0,0,0,0,0,2456,147,8239,739
North Lawndale,29,20.600000000022433,86.29999999988124,15.300000000022768,75.79999999989059,15.199999999977388,108.90000000015854,46.70000000006153,45.79999999994093,261.5,34.79999999998113,99.20000000012755,37.6000000000544,14.099999999989844,61.70000000009184,54.0,70.20000000010329,565.700000000344,1.3999999999982429,2529.900000003602,9.300000000007415,38.6000000000554,7.200000000004001,40.89999999994248,30.399999999954776,12548,18.5,4763,1154,413,284,7405,1407,823,3124,19091,10073,16902,4218,3110,505,206,787,3376,31,1,148,135,582,41,131,37,135,5,1,0,0,0,0,22026,1278,19761,19091
North Park,13,10.899999999998371,54.20000000000739,9.699999999998267,79.09999999998597,10.19999999999821,10.5,3.0,20.39999999999642,143.6999999999738,21.899999999996265,58.90000000001087,3.099999999999466,5.400000000000926,34.70000000000637,14.60000000000269,26.700000000004795,317.2999999999612,0.400000000000063,,8.899999999999313,12.399999999997863,3.799999999999904,39.70000000000704,18.200000000001598,24941,7.5,403,432,63,28,1582,213,54,493,555,2671,1197,663,210,89,78,36,953,7,1,11,4,14,8,10,10,27,2,0,7,0,0,0,1633,143,4345,562
Norwood Park,10,10.399999999997787,59.59999999998679,4.9000000000009765,89.40000000001432,8.30000000000178,3.4000000000007655,4.699999999999085,20.700000000004394,180.80000000002624,18.899999999996165,47.299999999995805,8.699999999998168,4.400000000000922,44.5,26.400000000000546,45.20000000000656,163.10000000003424,0.0,,1.60000000000001,5.900000000000538,2.2999999999995273,40.5999999999915,13.5,31659,7.300000000001626,604,724,113,32,2347,282,27,372,322,3174,1681,1217,107,65,56,10,747,5,0,20,3,5,19,4,11,15,0,0,0,0,0,0,2338,98,4430,322
O'Hare,76,15.799999999995743,70.0,3.5,82.0,5.0,15.899999999996014,5.6000000000006125,20.5,138.5,8.69999999999823,47.3000000000071,11.799999999998246,2.0,37.400000000010806,2.8000000000003062,40.40000000001173,182.8999999999477,0.5,,6.300000000001753,9.5,1.9000000000004957,26.5,11.0,29402,4.699999999998641,482,1030,37,17,1334,1100,58,399,706,4707,1382,3695,60,114,45,11,163,5,0,2,1,1,6,16,8,7,0,0,0,0,0,0,1881,73,5343,706
Oakland,36,17.5,63.90000000000485,13.5,75.0,11.5,54.5,18.899999999998073,20.600000000002247,159.69999999998294,14.5,88.70000000000653,12.599999999999978,8.199999999999333,54.5,54.20000000000621,43.700000000004906,435.3999999999502,0.2999999999999695,1655.4000000001904,6.699999999999835,38.10000000000389,3.5,40.5,17.60000000000164,19312,26.600000000003053,446,119,72,20,669,201,40,311,662,987,1379,517,192,19,25,0,388,6,0,7,7,14,3,7,5,1,0,1,0,0,0,0,1847,45,1886,662
Portage Park,15,14.200000000008197,66.10000000004577,6.899999999995951,79.79999999997064,8.70000000000602,41.6999999999722,3.300000000001984,23.300000000012982,168.70000000011206,15.900000000010976,48.19999999996967,4.7000000000012365,4.7000000000012365,44.89999999997658,14.799999999993695,37.899999999989454,287.3000000000478,0.5,87.7000000000435,4.0,12.299999999992336,4.399999999996958,34.60000000000267,18.69999999999528,23617,10.599999999995173,1791,1512,270,100,6005,796,193,2069,2705,8040,5720,3180,882,252,157,124,2531,14,2,77,9,13,32,55,26,146,1,0,3,0,0,0,7655,383,13580,2708
Pullman,50,14.299999999999544,66.5,11.199999999997983,81.30000000001509,12.100000000002515,67.90000000001385,32.200000000006675,34.599999999995205,262.5,28.099999999999486,78.5,32.09999999999665,13.60000000000288,83.80000000001603,92.90000000001639,65.30000000000737,398.5,3.699999999999792,829.099999999825,2.7000000000004962,20.10000000000383,1.399999999999748,42.0,15.600000000003256,19007,21.0,1147,355,159,39,1452,362,134,563,726,1790,2558,780,363,74,35,1,561,10,1,18,11,16,8,32,21,6,0,0,0,0,0,0,3763,76,3306,726
Riverdale,54,12.5,46.099999999991034,15.29999999999914,74.09999999998563,16.5,64.5,33.0,25.0,258.2999999999772,39.400000000006536,115.89999999999797,32.79999999999339,8.699999999998274,86.09999999998439,42.5,80.5999999999849,,,1699.6999999996528,5.800000000001133,61.40000000001253,5.09999999999905,50.200000000006014,24.600000000003543,8535,26.399999999998286,1100,119,105,54,1541,308,170,352,1031,1072,3111,622,473,60,32,0,619,10,1,16,27,18,9,22,5,5,0,0,0,0,0,0,4268,87,2530,1031
Rogers Park,1,16.400000000013492,62.0,11.0,73.0,11.200000000008057,40.80000000003082,7.700000000006428,23.300000000018994,176.9000000001401,25.300000000021175,77.10000000005981,5.200000000003921,6.3999999999981885,36.699999999970935,21.69999999998304,33.6999999999725,364.6999999997059,0.5,322.5,11.400000000009195,22.699999999981735,7.900000000002954,28.80000000002426,18.09999999998559,23714,7.5,2524,1618,278,176,5296,1870,350,1223,5564,8935,8031,3114,1951,311,189,529,2272,22,2,36,26,93,27,104,17,147,5,1,0,0,0,0,10661,896,14425,5564
Roseland,49,14.30000000002161,68.79999999989673,12.199999999982683,69.0,12.800000000018686,79.70000000011461,40.89999999994177,43.5,258.5,32.0,95.5,37.70000000003481,9.59999999998601,70.29999999989495,57.600000000023975,55.60000000003824,369.5,1.899999999997114,1512.0,7.90000000001199,19.5,3.100000000004022,40.89999999994177,17.399999999988903,17974,17.800000000026515,5782,1866,589,364,9683,2216,1126,4026,10814,11495,16607,4790,3513,489,237,491,5545,45,4,128,111,202,80,170,47,63,3,1,0,0,0,0,22755,1096,24706,10814
South Chicago,46,18.099999999983893,82.20000000008513,13.0,75.29999999992415,15.09999999998532,76.799999999922,36.89999999996319,31.899999999972025,227.30000000015983,21.099999999994623,86.89999999998983,33.69999999996885,17.69999999998279,50.8999999999477,56.29999999996141,50.600000000052056,493.3999999995884,1.600000000000746,1774.7000000017808,6.900000000004456,28.0,5.900000000001264,43.1000000000449,28.199999999971862,15393,17.69999999998279,4273,1223,529,244,6941,1336,749,2218,6463,7961,11870,3530,2251,406,170,303,4207,37,2,94,85,110,55,52,44,115,2,0,2,0,0,2,16421,719,16736,6465
South Deering,51,15.799999999994586,76.69999999997397,14.89999999999687,76.89999999998875,15.700000000005373,65.30000000002246,41.300000000008446,25.29999999999225,224.0,32.5,80.600000000015,35.09999999998793,11.799999999996697,59.19999999998003,48.69999999998576,54.900000000016114,427.09999999986337,0.30000000000010185,907.0,2.5999999999991363,24.5,6.0,41.400000000013776,21.900000000005313,15506,11.799999999996697,1462,636,223,64,2742,463,248,877,1372,3132,3291,1383,642,107,42,2,1340,15,1,39,27,47,12,24,20,34,0,0,0,0,0,0,4851,109,6023,1372
South Lawndale,30,19.5,94.89999999997443,7.599999999996134,85.10000000006539,9.59999999999209,77.5,11.099999999990013,13.199999999998152,127.40000000007599,9.200000000007632,65.0,8.599999999993877,5.89999999999827,15.900000000014,32.69999999997149,37.30000000003074,605.8999999995075,0.800000000000028,289.5,7.900000000004604,28.100000000009107,17.5999999999851,33.100000000021794,58.70000000002537,10697,11.5,3188,865,421,195,5780,756,597,3239,4692,7616,9579,4282,1786,1395,251,886,2287,31,4,141,101,29,49,79,61,346,1,1,0,0,0,0,13119,1336,15038,4692
South Shore,43,15.699999999972636,67.9000000000884,13.800000000024722,71.9000000001042,13.39999999999685,65.90000000007977,33.39999999994297,32.399999999944086,246.0,25.100000000045092,95.4000000001703,30.0,11.40000000001264,70.0,54.79999999990175,53.2000000000956,470.2999999996452,1.1000000000015389,1718.5999999969133,11.6999999999792,31.5,2.8999999999972967,37.600000000061065,14.899999999987791,18366,17.699999999970466,6232,2602,801,439,11150,2652,973,4307,10239,14468,20059,6666,4483,545,235,591,7899,49,4,104,127,309,64,149,47,85,1,2,0,0,0,0,26633,1269,31268,10239
Uptown,3,13.099999999989835,50.5,8.299999999993535,77.70000000004474,10.29999999999253,35.10000000001481,5.399999999996168,21.300000000014297,183.29999999987373,20.5,80.0,4.600000000003487,6.5,50.5,25.19999999998071,41.69999999996991,353.69999999975244,0.5,170.7999999998781,13.599999999989354,22.699999999983714,4.600000000003487,22.199999999984396,13.599999999989354,32355,7.700000000006063,2452,2033,186,177,4137,1596,183,1324,5903,9905,6898,2563,1281,417,306,363,1709,16,0,35,22,55,19,71,23,111,1,1,1,1,0,0,9449,846,14261,5904
Washington Heights,73,12.0,61.0,19.599999999987258,75.39999999995071,16.200000000004444,65.0,38.0,47.89999999997587,260.5999999998304,29.699999999981255,79.5,35.600000000000286,11.20000000000703,70.0,56.199999999968135,57.60000000003575,371.40000000023014,1.5,1298.2000000003732,3.0,15.700000000006067,1.0999999999992784,42.39999999998482,15.59999999998996,19709,18.30000000000141,2323,1006,298,153,4501,856,472,2001,3654,5750,6430,2510,1427,249,111,72,2590,19,2,54,57,88,42,51,15,26,2,0,0,0,0,0,8921,338,11825,3654
Washington Park,40,19.299999999999155,72.10000000004237,17.700000000005126,74.89999999995572,16.900000000009747,82.60000000004882,44.60000000001107,26.0,258.0,31.90000000001611,88.20000000002028,39.5,19.299999999999155,79.79999999999718,67.0,43.300000000025435,502.40000000025594,0.3999999999997758,2145.7999999987665,5.0,39.099999999999525,4.899999999997097,40.89999999999635,28.300000000014236,13087,23.199999999992876,2212,433,185,130,3330,1387,403,1547,3749,4023,7373,1716,1476,137,79,977,1860,7,0,26,61,148,25,63,10,34,0,0,0,0,0,0,9707,1186,8941,3749
West Elsdon,62,20.799999999996007,92.30000000001898,4.599999999999085,81.19999999998478,7.5,45.5,5.9000000000009205,12.100000000002533,180.60000000003674,11.5,68.5,7.699999999998382,8.100000000000911,57.80000000000253,44.70000000000808,42.59999999999166,492.59999999995824,0.20000000000001228,122.0,4.5,9.800000000001896,8.699999999998232,38.70000000000753,39.59999999999279,16938,13.5,558,446,78,34,2411,173,72,672,632,2390,1435,676,361,137,54,3,1049,7,0,22,8,4,18,12,2,25,4,0,0,0,0,0,2043,91,4492,632
West Englewood,67,20.3000000000305,93.29999999986967,16.10000000001211,63.59999999995564,13.800000000022935,116.90000000019398,47.20000000007571,39.20000000005315,247.60000000014136,24.399999999960333,88.2000000001271,39.29999999994651,13.300000000022044,66.29999999989244,75.0,64.59999999995057,450.600000000749,2.600000000003861,2762.1999999958166,10.900000000015803,32.299999999975284,6.900000000011468,40.899999999938764,30.299999999985943,10559,34.70000000003589,6096,1362,538,382,10521,1787,1479,3485,12921,11989,20205,4491,3452,478,237,1107,6367,25,3,165,155,385,65,234,27,113,2,1,0,0,0,0,26713,1729,25385,12921
West Garfield Park,26,20.099999999983687,88.39999999996691,17.0,71.39999999993826,17.5,114.90000000006046,40.0,54.700000000022385,291.5,31.399999999978238,118.20000000011042,36.0,19.0,65.29999999995101,75.0,77.0,516.1000000003785,1.4000000000004322,3193.3000000004226,6.5,40.30000000003266,8.900000000007545,42.5,26.19999999997482,10951,25.19999999997567,2680,1767,213,153,4182,675,620,2009,14498,5898,10122,1945,2262,145,110,1526,1815,14,2,71,98,229,39,113,12,67,0,0,0,0,0,1,13022,1791,12035,14498
West Lawn,65,18.799999999992735,83.30000000003078,7.600000000003116,83.5,8.299999999998265,44.59999999998409,10.700000000003957,16.90000000000382,145.10000000005684,15.700000000006403,61.5,8.799999999997702,8.399999999996627,36.69999999998928,19.700000000007467,43.09999999998435,508.30000000008243,0.19999999999991847,93.1000000000366,4.300000000001715,15.299999999993734,6.800000000000451,41.90000000001543,33.400000000013435,15898,7.799999999998901,1000,736,180,65,3841,309,105,1162,983,6443,2707,1300,744,202,96,9,1784,9,3,35,15,8,30,17,13,31,3,0,1,0,0,0,3800,173,10176,984
West Pullman,53,15.300000000008593,71.20000000005571,14.900000000013534,71.29999999994412,14.400000000013195,67.79999999995084,43.8999999999598,20.300000000017945,263.59999999976856,32.60000000002185,83.39999999993474,46.5,11.900000000011078,78.60000000006356,62.89999999994382,63.89999999994323,397.1999999996294,1.0999999999990606,1656.9000000002154,9.200000000007694,24.300000000022656,3.299999999999362,42.1999999999672,22.599999999990303,16228,17.0,3616,973,447,243,6684,1030,811,2609,6238,6034,10347,3136,1928,235,137,491,3911,26,1,104,91,108,55,103,28,50,0,0,0,0,0,1,14241,872,14565,6238
West Ridge,2,17.300000000001916,83.29999999996211,8.10000000000056,71.10000000004968,8.299999999994176,29.900000000010213,5.799999999996683,20.199999999991675,155.90000000005543,17.300000000001916,60.5,3.699999999998593,5.100000000003454,36.0,14.200000000007837,34.699999999975695,331.4000000002233,1.0,141.0,8.900000000001583,15.099999999989507,7.0,38.300000000026394,19.59999999998657,21375,7.899999999998838,1864,1382,230,120,6084,774,199,1686,2438,9108,5545,2854,1149,217,153,96,2926,20,2,56,15,36,34,64,20,102,5,1,1,0,0,0,7534,371,14923,2439
West Town,24,18.800000000028433,60.40000000001131,9.099999999986082,75.5,10.800000000015002,49.200000000075406,8.5,14.5,139.59999999978376,12.40000000001641,107.0,6.59999999998963,5.099999999993427,27.399999999956638,16.60000000001099,33.29999999997752,316.6000000003876,0.5,177.5,3.60000000000039,15.699999999975148,2.0,22.89999999996641,13.400000000008626,39596,6.0,4014,2764,284,209,11844,1833,514,4394,5150,26449,11145,3584,2906,502,317,881,6650,36,2,141,47,51,42,91,55,337,5,0,9,0,0,0,15444,1409,40496,5159
Woodlawn,42,15.099999999986226,60.1000000000549,17.40000000001503,73.2999999999391,16.300000000011334,51.10000000004817,31.100000000019268,32.89999999997669,241.30000000013575,23.900000000002986,82.10000000006515,25.0,11.5,69.79999999994538,58.0,60.0,444.3000000004141,1.6000000000002121,1382.0,17.40000000001503,28.300000000026273,1.8000000000016638,37.60000000003204,17.90000000001526,18928,17.30000000001337,3333,1065,392,241,5443,2834,660,1954,6975,6332,10259,3136,2235,507,177,336,3525,15,1,54,59,213,34,139,35,54,3,1,0,0,0,0,13774,755,14115,6975
